NAME,DATE,PRCP,SNOW,TMAX,TMIN
MINNEAPOLIS ST. PAUL INTERNATIONAL AIRPORT,1/1/2023,0,0,35,22
MINNEAPOLIS ST. PAUL INTERNATIONAL AIRPORT,1/2/2023,0.02,0.1,27,22
MINNEAPOLIS ST. PAUL INTERNATIONAL AIRPORT,1/3/2023,0.65,6,31,24
MINNEAPOLIS ST. PAUL INTERNATIONAL AIRPORT,1/4/2023,0.61,8.8,33,30
MINNEAPOLIS ST. PAUL INTERNATIONAL AIRPORT,1/5/2023,0.01,0.2,30,18
MINNEAPOLIS ST. PAUL INTERNATIONAL AIRPORT,1/6/2023,0,0,19,5
MINNEAPOLIS ST. PAUL INTERNATIONAL AIRPORT,1/7/2023,0,0,21,0
MINNEAPOLIS ST. PAUL INTERNATIONAL AIRPORT,1/8/2023,0,0,25,0
MINNEAPOLIS ST. PAUL INTERNATIONAL AIRPORT,1/9/2023,0,0,32,8
MINNEAPOLIS ST. PAUL INTERNATIONAL AIRPORT,1/10/2023,0,0,28,19
MINNEAPOLIS ST. PAUL INTERNATIONAL AIRPORT,1/11/2023,0.07,0,34,26
MINNEAPOLIS ST. PAUL INTERNATIONAL AIRPORT,1/12/2023,0,0,32,19
MINNEAPOLIS ST. PAUL INTERNATIONAL AIRPORT,1/13/2023,0,0,20,13
MINNEAPOLIS ST. PAUL INTERNATIONAL AIRPORT,1/14/2023,0,0,31,13
MINNEAPOLIS ST. PAUL INTERNATIONAL AIRPORT,1/15/2023,0,0,37,29
MINNEAPOLIS ST. PAUL INTERNATIONAL AIRPORT,1/16/2023,0.53,0.7,37,32
MINNEAPOLIS ST. PAUL INTERNATIONAL AIRPORT,1/17/2023,0.02,0,35,31
MINNEAPOLIS ST. PAUL INTERNATIONAL AIRPORT,1/18/2023,0,0,33,28
MINNEAPOLIS ST. PAUL INTERNATIONAL AIRPORT,1/19/2023,0.16,3.5,32,27
MINNEAPOLIS ST. PAUL INTERNATIONAL AIRPORT,1/20/2023,0,0,27,18
MINNEAPOLIS ST. PAUL INTERNATIONAL AIRPORT,1/21/2023,0,0,24,17
MINNEAPOLIS ST. PAUL INTERNATIONAL AIRPORT,1/22/2023,0.01,0.1,21,15
MINNEAPOLIS ST. PAUL INTERNATIONAL AIRPORT,1/23/2023,0,0,31,11
MINNEAPOLIS ST. PAUL INTERNATIONAL AIRPORT,1/24/2023,0,0,29,14
MINNEAPOLIS ST. PAUL INTERNATIONAL AIRPORT,1/25/2023,0.03,0.7,28,16
MINNEAPOLIS ST. PAUL INTERNATIONAL AIRPORT,1/26/2023,0,0,16,2
MINNEAPOLIS ST. PAUL INTERNATIONAL AIRPORT,1/27/2023,0.14,2.2,33,6
MINNEAPOLIS ST. PAUL INTERNATIONAL AIRPORT,1/28/2023,0,0,7,2
MINNEAPOLIS ST. PAUL INTERNATIONAL AIRPORT,1/29/2023,0,0,6,-5
MINNEAPOLIS ST. PAUL INTERNATIONAL AIRPORT,1/30/2023,0,0,2,-8
MINNEAPOLIS ST. PAUL INTERNATIONAL AIRPORT,1/31/2023,0,0,10,-8
MINNEAPOLIS ST. PAUL INTERNATIONAL AIRPORT,2/1/2023,0,0,21,1
MINNEAPOLIS ST. PAUL INTERNATIONAL AIRPORT,2/2/2023,0,0,15,-9
MINNEAPOLIS ST. PAUL INTERNATIONAL AIRPORT,2/3/2023,0,0,4,-13
MINNEAPOLIS ST. PAUL INTERNATIONAL AIRPORT,2/4/2023,0,0,28,2
MINNEAPOLIS ST. PAUL INTERNATIONAL AIRPORT,2/5/2023,0,0,31,14
MINNEAPOLIS ST. PAUL INTERNATIONAL AIRPORT,2/6/2023,0.09,0.1,36,14
MINNEAPOLIS ST. PAUL INTERNATIONAL AIRPORT,2/7/2023,0,0,35,27
MINNEAPOLIS ST. PAUL INTERNATIONAL AIRPORT,2/8/2023,0,0,45,21
MINNEAPOLIS ST. PAUL INTERNATIONAL AIRPORT,2/9/2023,0,0,38,19
MINNEAPOLIS ST. PAUL INTERNATIONAL AIRPORT,2/10/2023,0,0,29,8
MINNEAPOLIS ST. PAUL INTERNATIONAL AIRPORT,2/11/2023,0,0,39,28
MINNEAPOLIS ST. PAUL INTERNATIONAL AIRPORT,2/12/2023,0,0,43,20
MINNEAPOLIS ST. PAUL INTERNATIONAL AIRPORT,2/13/2023,0,0,43,24
MINNEAPOLIS ST. PAUL INTERNATIONAL AIRPORT,2/14/2023,0.68,0,43,35
MINNEAPOLIS ST. PAUL INTERNATIONAL AIRPORT,2/15/2023,0.16,0,38,16
MINNEAPOLIS ST. PAUL INTERNATIONAL AIRPORT,2/16/2023,0,0,20,12
MINNEAPOLIS ST. PAUL INTERNATIONAL AIRPORT,2/17/2023,0,0,29,6
MINNEAPOLIS ST. PAUL INTERNATIONAL AIRPORT,2/18/2023,0,0,36,22
MINNEAPOLIS ST. PAUL INTERNATIONAL AIRPORT,2/19/2023,0,0,35,18
MINNEAPOLIS ST. PAUL INTERNATIONAL AIRPORT,2/20/2023,0.12,1.7,35,10
MINNEAPOLIS ST. PAUL INTERNATIONAL AIRPORT,2/21/2023,0.25,3.1,15,3
MINNEAPOLIS ST. PAUL INTERNATIONAL AIRPORT,2/22/2023,0.25,3.8,21,14
MINNEAPOLIS ST. PAUL INTERNATIONAL AIRPORT,2/23/2023,0.35,6.5,18,0
MINNEAPOLIS ST. PAUL INTERNATIONAL AIRPORT,2/24/2023,0,0.3,11,-8
MINNEAPOLIS ST. PAUL INTERNATIONAL AIRPORT,2/25/2023,0,0,26,3
MINNEAPOLIS ST. PAUL INTERNATIONAL AIRPORT,2/26/2023,0,0,33,5
MINNEAPOLIS ST. PAUL INTERNATIONAL AIRPORT,2/27/2023,0.48,0,34,28
MINNEAPOLIS ST. PAUL INTERNATIONAL AIRPORT,2/28/2023,0,0,40,20
MINNEAPOLIS ST. PAUL INTERNATIONAL AIRPORT,3/1/2023,0.05,0.4,38,24
MINNEAPOLIS ST. PAUL INTERNATIONAL AIRPORT,3/2/2023,0,0,28,17
MINNEAPOLIS ST. PAUL INTERNATIONAL AIRPORT,3/3/2023,0,0,42,22
MINNEAPOLIS ST. PAUL INTERNATIONAL AIRPORT,3/4/2023,0,0,38,23
MINNEAPOLIS ST. PAUL INTERNATIONAL AIRPORT,3/5/2023,0.29,2.8,38,19
MINNEAPOLIS ST. PAUL INTERNATIONAL AIRPORT,3/6/2023,0.05,0.5,36,29
MINNEAPOLIS ST. PAUL INTERNATIONAL AIRPORT,3/7/2023,0,0,39,27
MINNEAPOLIS ST. PAUL INTERNATIONAL AIRPORT,3/8/2023,0.05,0.6,35,32
MINNEAPOLIS ST. PAUL INTERNATIONAL AIRPORT,3/9/2023,0.15,2.1,34,29
MINNEAPOLIS ST. PAUL INTERNATIONAL AIRPORT,3/10/2023,0.03,0.6,33,26
MINNEAPOLIS ST. PAUL INTERNATIONAL AIRPORT,3/11/2023,0.18,2,31,28
MINNEAPOLIS ST. PAUL INTERNATIONAL AIRPORT,3/12/2023,0.05,0.3,32,23
MINNEAPOLIS ST. PAUL INTERNATIONAL AIRPORT,3/13/2023,0,0,31,17
MINNEAPOLIS ST. PAUL INTERNATIONAL AIRPORT,3/14/2023,0,0,31,11
MINNEAPOLIS ST. PAUL INTERNATIONAL AIRPORT,3/15/2023,0,0,45,27
MINNEAPOLIS ST. PAUL INTERNATIONAL AIRPORT,3/16/2023,0.21,0.3,45,18
MINNEAPOLIS ST. PAUL INTERNATIONAL AIRPORT,3/17/2023,0,0.2,18,7
MINNEAPOLIS ST. PAUL INTERNATIONAL AIRPORT,3/18/2023,0,0.4,27,8
MINNEAPOLIS ST. PAUL INTERNATIONAL AIRPORT,3/19/2023,0,0,40,7
MINNEAPOLIS ST. PAUL INTERNATIONAL AIRPORT,3/20/2023,0,0,39,25
MINNEAPOLIS ST. PAUL INTERNATIONAL AIRPORT,3/21/2023,0.16,0,41,25
MINNEAPOLIS ST. PAUL INTERNATIONAL AIRPORT,3/22/2023,0.05,0,40,27
MINNEAPOLIS ST. PAUL INTERNATIONAL AIRPORT,3/23/2023,0,0,38,23
MINNEAPOLIS ST. PAUL INTERNATIONAL AIRPORT,3/24/2023,0,0,44,21
MINNEAPOLIS ST. PAUL INTERNATIONAL AIRPORT,3/25/2023,0,0,45,31
MINNEAPOLIS ST. PAUL INTERNATIONAL AIRPORT,3/26/2023,0,0,44,24
MINNEAPOLIS ST. PAUL INTERNATIONAL AIRPORT,3/27/2023,0,0,41,24
MINNEAPOLIS ST. PAUL INTERNATIONAL AIRPORT,3/28/2023,0,0,36,15
MINNEAPOLIS ST. PAUL INTERNATIONAL AIRPORT,3/29/2023,0,0,29,11
MINNEAPOLIS ST. PAUL INTERNATIONAL AIRPORT,3/30/2023,0.04,0,37,17
MINNEAPOLIS ST. PAUL INTERNATIONAL AIRPORT,3/31/2023,1.41,5.3,38,31
MINNEAPOLIS ST. PAUL INTERNATIONAL AIRPORT,4/1/2023,0.13,3.2,41,25
MINNEAPOLIS ST. PAUL INTERNATIONAL AIRPORT,4/2/2023,0,0,51,25
MINNEAPOLIS ST. PAUL INTERNATIONAL AIRPORT,4/3/2023,0,0,44,35
MINNEAPOLIS ST. PAUL INTERNATIONAL AIRPORT,4/4/2023,0.06,0,38,34
MINNEAPOLIS ST. PAUL INTERNATIONAL AIRPORT,4/5/2023,0.01,0,37,25
MINNEAPOLIS ST. PAUL INTERNATIONAL AIRPORT,4/6/2023,0,0,38,22
MINNEAPOLIS ST. PAUL INTERNATIONAL AIRPORT,4/7/2023,0,0,51,26
MINNEAPOLIS ST. PAUL INTERNATIONAL AIRPORT,4/8/2023,0,0,67,37
MINNEAPOLIS ST. PAUL INTERNATIONAL AIRPORT,4/9/2023,0,0,66,47
MINNEAPOLIS ST. PAUL INTERNATIONAL AIRPORT,4/10/2023,0,0,72,46
MINNEAPOLIS ST. PAUL INTERNATIONAL AIRPORT,4/11/2023,0,0,81,50
MINNEAPOLIS ST. PAUL INTERNATIONAL AIRPORT,4/12/2023,0,0,88,63
MINNEAPOLIS ST. PAUL INTERNATIONAL AIRPORT,4/13/2023,0,0,87,64
MINNEAPOLIS ST. PAUL INTERNATIONAL AIRPORT,4/14/2023,0,0,83,56
MINNEAPOLIS ST. PAUL INTERNATIONAL AIRPORT,4/15/2023,0.39,0,55,37
MINNEAPOLIS ST. PAUL INTERNATIONAL AIRPORT,4/16/2023,0.36,0.6,37,32
MINNEAPOLIS ST. PAUL INTERNATIONAL AIRPORT,4/17/2023,0,0,50,31
MINNEAPOLIS ST. PAUL INTERNATIONAL AIRPORT,4/18/2023,0,0,56,31
MINNEAPOLIS ST. PAUL INTERNATIONAL AIRPORT,4/19/2023,0.66,0,46,37
MINNEAPOLIS ST. PAUL INTERNATIONAL AIRPORT,4/20/2023,0.51,0,43,37
MINNEAPOLIS ST. PAUL INTERNATIONAL AIRPORT,4/21/2023,0.01,0,42,33
MINNEAPOLIS ST. PAUL INTERNATIONAL AIRPORT,4/22/2023,0,0,37,31
MINNEAPOLIS ST. PAUL INTERNATIONAL AIRPORT,4/23/2023,0,0,45,29
MINNEAPOLIS ST. PAUL INTERNATIONAL AIRPORT,4/24/2023,0,0,49,32
MINNEAPOLIS ST. PAUL INTERNATIONAL AIRPORT,4/25/2023,0,0,52,32
MINNEAPOLIS ST. PAUL INTERNATIONAL AIRPORT,4/26/2023,0,0,57,33
MINNEAPOLIS ST. PAUL INTERNATIONAL AIRPORT,4/27/2023,0.02,0,62,51
MINNEAPOLIS ST. PAUL INTERNATIONAL AIRPORT,4/28/2023,0.24,0,52,40
MINNEAPOLIS ST. PAUL INTERNATIONAL AIRPORT,4/29/2023,0,0,55,38
MINNEAPOLIS ST. PAUL INTERNATIONAL AIRPORT,4/30/2023,0,0,50,37
MINNEAPOLIS ST. PAUL INTERNATIONAL AIRPORT,5/1/2023,0,0,58,42
MINNEAPOLIS ST. PAUL INTERNATIONAL AIRPORT,5/2/2023,0,0,62,41
MINNEAPOLIS ST. PAUL INTERNATIONAL AIRPORT,5/3/2023,0,0,70,38
MINNEAPOLIS ST. PAUL INTERNATIONAL AIRPORT,5/4/2023,0,0,77,53
MINNEAPOLIS ST. PAUL INTERNATIONAL AIRPORT,5/5/2023,0.16,0,64,51
MINNEAPOLIS ST. PAUL INTERNATIONAL AIRPORT,5/6/2023,0.5,0,62,56
MINNEAPOLIS ST. PAUL INTERNATIONAL AIRPORT,5/7/2023,0,0,76,55
MINNEAPOLIS ST. PAUL INTERNATIONAL AIRPORT,5/8/2023,0,0,77,52
MINNEAPOLIS ST. PAUL INTERNATIONAL AIRPORT,5/9/2023,0,0,68,55
MINNEAPOLIS ST. PAUL INTERNATIONAL AIRPORT,5/10/2023,0,0,79,58
MINNEAPOLIS ST. PAUL INTERNATIONAL AIRPORT,5/11/2023,0.03,0,76,60
MINNEAPOLIS ST. PAUL INTERNATIONAL AIRPORT,5/12/2023,0,0,74,64
MINNEAPOLIS ST. PAUL INTERNATIONAL AIRPORT,5/13/2023,0.28,0,68,54
MINNEAPOLIS ST. PAUL INTERNATIONAL AIRPORT,5/14/2023,0.48,0,66,50
MINNEAPOLIS ST. PAUL INTERNATIONAL AIRPORT,5/15/2023,0,0,75,46
MINNEAPOLIS ST. PAUL INTERNATIONAL AIRPORT,5/16/2023,0,0,81,54
MINNEAPOLIS ST. PAUL INTERNATIONAL AIRPORT,5/17/2023,0,0,67,51
MINNEAPOLIS ST. PAUL INTERNATIONAL AIRPORT,5/18/2023,0.14,0,66,53
MINNEAPOLIS ST. PAUL INTERNATIONAL AIRPORT,5/19/2023,0,0,61,44
MINNEAPOLIS ST. PAUL INTERNATIONAL AIRPORT,5/20/2023,0,0,73,44
MINNEAPOLIS ST. PAUL INTERNATIONAL AIRPORT,5/21/2023,0,0,79,52
MINNEAPOLIS ST. PAUL INTERNATIONAL AIRPORT,5/22/2023,0,0,82,58
MINNEAPOLIS ST. PAUL INTERNATIONAL AIRPORT,5/23/2023,0,0,84,60
MINNEAPOLIS ST. PAUL INTERNATIONAL AIRPORT,5/24/2023,0,0,76,56
MINNEAPOLIS ST. PAUL INTERNATIONAL AIRPORT,5/25/2023,0,0,77,57
MINNEAPOLIS ST. PAUL INTERNATIONAL AIRPORT,5/26/2023,0,0,81,54
MINNEAPOLIS ST. PAUL INTERNATIONAL AIRPORT,5/27/2023,0,0,84,54
MINNEAPOLIS ST. PAUL INTERNATIONAL AIRPORT,5/28/2023,0,0,84,58
MINNEAPOLIS ST. PAUL INTERNATIONAL AIRPORT,5/29/2023,0,0,88,65
MINNEAPOLIS ST. PAUL INTERNATIONAL AIRPORT,5/30/2023,0.03,0,90,63
MINNEAPOLIS ST. PAUL INTERNATIONAL AIRPORT,5/31/2023,0,0,90,66
MINNEAPOLIS ST. PAUL INTERNATIONAL AIRPORT,6/1/2023,0,0,91,72
MINNEAPOLIS ST. PAUL INTERNATIONAL AIRPORT,6/2/2023,0.03,0,87,70
MINNEAPOLIS ST. PAUL INTERNATIONAL AIRPORT,6/3/2023,0,0,90,68
MINNEAPOLIS ST. PAUL INTERNATIONAL AIRPORT,6/4/2023,0,0,92,71
MINNEAPOLIS ST. PAUL INTERNATIONAL AIRPORT,6/5/2023,0,0,87,69
MINNEAPOLIS ST. PAUL INTERNATIONAL AIRPORT,6/6/2023,0,0,86,69
MINNEAPOLIS ST. PAUL INTERNATIONAL AIRPORT,6/7/2023,0,0,81,67
MINNEAPOLIS ST. PAUL INTERNATIONAL AIRPORT,6/8/2023,0,0,83,62
MINNEAPOLIS ST. PAUL INTERNATIONAL AIRPORT,6/9/2023,0,0,86,61
MINNEAPOLIS ST. PAUL INTERNATIONAL AIRPORT,6/10/2023,0.06,0,85,57
MINNEAPOLIS ST. PAUL INTERNATIONAL AIRPORT,6/11/2023,0,0,71,50
MINNEAPOLIS ST. PAUL INTERNATIONAL AIRPORT,6/12/2023,0,0,82,55
MINNEAPOLIS ST. PAUL INTERNATIONAL AIRPORT,6/13/2023,0,0,88,59
MINNEAPOLIS ST. PAUL INTERNATIONAL AIRPORT,6/14/2023,0,0,85,62
MINNEAPOLIS ST. PAUL INTERNATIONAL AIRPORT,6/15/2023,0,0,74,56
MINNEAPOLIS ST. PAUL INTERNATIONAL AIRPORT,6/16/2023,0,0,78,51
MINNEAPOLIS ST. PAUL INTERNATIONAL AIRPORT,6/17/2023,0,0,85,62
MINNEAPOLIS ST. PAUL INTERNATIONAL AIRPORT,6/18/2023,0.01,0,80,66
MINNEAPOLIS ST. PAUL INTERNATIONAL AIRPORT,6/19/2023,0,0,91,65
MINNEAPOLIS ST. PAUL INTERNATIONAL AIRPORT,6/20/2023,0,0,91,71
MINNEAPOLIS ST. PAUL INTERNATIONAL AIRPORT,6/21/2023,0,0,92,69
MINNEAPOLIS ST. PAUL INTERNATIONAL AIRPORT,6/22/2023,0,0,92,71
MINNEAPOLIS ST. PAUL INTERNATIONAL AIRPORT,6/23/2023,0.02,0,92,72
MINNEAPOLIS ST. PAUL INTERNATIONAL AIRPORT,6/24/2023,0.05,0,84,63
MINNEAPOLIS ST. PAUL INTERNATIONAL AIRPORT,6/25/2023,0.69,0,76,64
MINNEAPOLIS ST. PAUL INTERNATIONAL AIRPORT,6/26/2023,0.06,0,84,64
MINNEAPOLIS ST. PAUL INTERNATIONAL AIRPORT,6/27/2023,0,0,86,64
MINNEAPOLIS ST. PAUL INTERNATIONAL AIRPORT,6/28/2023,0.01,0,86,70
MINNEAPOLIS ST. PAUL INTERNATIONAL AIRPORT,6/29/2023,0,0,91,65
MINNEAPOLIS ST. PAUL INTERNATIONAL AIRPORT,6/30/2023,0,0,88,68
MINNEAPOLIS ST. PAUL INTERNATIONAL AIRPORT,7/1/2023,0,0,89,67
MINNEAPOLIS ST. PAUL INTERNATIONAL AIRPORT,7/2/2023,0,0,90,70
MINNEAPOLIS ST. PAUL INTERNATIONAL AIRPORT,7/3/2023,0,0,95,71
MINNEAPOLIS ST. PAUL INTERNATIONAL AIRPORT,7/4/2023,0.57,0,82,67
MINNEAPOLIS ST. PAUL INTERNATIONAL AIRPORT,7/5/2023,0,0,77,62
MINNEAPOLIS ST. PAUL INTERNATIONAL AIRPORT,7/6/2023,0,0,76,56
MINNEAPOLIS ST. PAUL INTERNATIONAL AIRPORT,7/7/2023,0,0,74,59
MINNEAPOLIS ST. PAUL INTERNATIONAL AIRPORT,7/8/2023,0,0,81,58
MINNEAPOLIS ST. PAUL INTERNATIONAL AIRPORT,7/9/2023,0,0,86,59
MINNEAPOLIS ST. PAUL INTERNATIONAL AIRPORT,7/10/2023,0,0,93,68
MINNEAPOLIS ST. PAUL INTERNATIONAL AIRPORT,7/11/2023,0,0,77,58
MINNEAPOLIS ST. PAUL INTERNATIONAL AIRPORT,7/12/2023,0,0,81,63
MINNEAPOLIS ST. PAUL INTERNATIONAL AIRPORT,7/13/2023,0.16,0,87,63
MINNEAPOLIS ST. PAUL INTERNATIONAL AIRPORT,7/14/2023,0.03,0,89,67
MINNEAPOLIS ST. PAUL INTERNATIONAL AIRPORT,7/15/2023,0,0,82,63
MINNEAPOLIS ST. PAUL INTERNATIONAL AIRPORT,7/16/2023,0,0,80,61
MINNEAPOLIS ST. PAUL INTERNATIONAL AIRPORT,7/17/2023,0,0,74,57
MINNEAPOLIS ST. PAUL INTERNATIONAL AIRPORT,7/18/2023,0,0,84,60
MINNEAPOLIS ST. PAUL INTERNATIONAL AIRPORT,7/19/2023,0.11,0,90,65
MINNEAPOLIS ST. PAUL INTERNATIONAL AIRPORT,7/20/2023,0,0,80,64
MINNEAPOLIS ST. PAUL INTERNATIONAL AIRPORT,7/21/2023,0.02,0,85,62
MINNEAPOLIS ST. PAUL INTERNATIONAL AIRPORT,7/22/2023,0,0,88,64
MINNEAPOLIS ST. PAUL INTERNATIONAL AIRPORT,7/23/2023,0,0,88,63
MINNEAPOLIS ST. PAUL INTERNATIONAL AIRPORT,7/24/2023,0.01,0,90,66
MINNEAPOLIS ST. PAUL INTERNATIONAL AIRPORT,7/25/2023,0,0,94,70
MINNEAPOLIS ST. PAUL INTERNATIONAL AIRPORT,7/26/2023,1.06,0,93,67
MINNEAPOLIS ST. PAUL INTERNATIONAL AIRPORT,7/27/2023,0,0,96,73
MINNEAPOLIS ST. PAUL INTERNATIONAL AIRPORT,7/28/2023,0.61,0,90,69
MINNEAPOLIS ST. PAUL INTERNATIONAL AIRPORT,7/29/2023,0,0,81,64
MINNEAPOLIS ST. PAUL INTERNATIONAL AIRPORT,7/30/2023,0,0,81,64
MINNEAPOLIS ST. PAUL INTERNATIONAL AIRPORT,7/31/2023,0,0,84,63
MINNEAPOLIS ST. PAUL INTERNATIONAL AIRPORT,8/1/2023,0,0,86,66
MINNEAPOLIS ST. PAUL INTERNATIONAL AIRPORT,8/2/2023,0,0,90,71
MINNEAPOLIS ST. PAUL INTERNATIONAL AIRPORT,8/3/2023,0.05,0,95,74
MINNEAPOLIS ST. PAUL INTERNATIONAL AIRPORT,8/4/2023,0,0,90,68
MINNEAPOLIS ST. PAUL INTERNATIONAL AIRPORT,8/5/2023,0.04,0,84,72
MINNEAPOLIS ST. PAUL INTERNATIONAL AIRPORT,8/6/2023,0.26,0,75,67
MINNEAPOLIS ST. PAUL INTERNATIONAL AIRPORT,8/7/2023,0,0,84,63
MINNEAPOLIS ST. PAUL INTERNATIONAL AIRPORT,8/8/2023,0,0,84,63
MINNEAPOLIS ST. PAUL INTERNATIONAL AIRPORT,8/9/2023,0,0,82,65
MINNEAPOLIS ST. PAUL INTERNATIONAL AIRPORT,8/10/2023,0.16,0,80,66
MINNEAPOLIS ST. PAUL INTERNATIONAL AIRPORT,8/11/2023,0.35,0,87,65
MINNEAPOLIS ST. PAUL INTERNATIONAL AIRPORT,8/12/2023,0,0,83,64
MINNEAPOLIS ST. PAUL INTERNATIONAL AIRPORT,8/13/2023,1.18,0,73,64
MINNEAPOLIS ST. PAUL INTERNATIONAL AIRPORT,8/14/2023,0.25,0,72,59
MINNEAPOLIS ST. PAUL INTERNATIONAL AIRPORT,8/15/2023,0,0,82,55
MINNEAPOLIS ST. PAUL INTERNATIONAL AIRPORT,8/16/2023,0,0,87,66
MINNEAPOLIS ST. PAUL INTERNATIONAL AIRPORT,8/17/2023,0,0,76,63
MINNEAPOLIS ST. PAUL INTERNATIONAL AIRPORT,8/18/2023,0,0,79,58
MINNEAPOLIS ST. PAUL INTERNATIONAL AIRPORT,8/19/2023,0,0,91,67
MINNEAPOLIS ST. PAUL INTERNATIONAL AIRPORT,8/20/2023,0,0,82,67
MINNEAPOLIS ST. PAUL INTERNATIONAL AIRPORT,8/21/2023,0,0,78,65
MINNEAPOLIS ST. PAUL INTERNATIONAL AIRPORT,8/22/2023,0,0,98,71
MINNEAPOLIS ST. PAUL INTERNATIONAL AIRPORT,8/23/2023,0,0,98,79
MINNEAPOLIS ST. PAUL INTERNATIONAL AIRPORT,8/24/2023,0,0,88,70
MINNEAPOLIS ST. PAUL INTERNATIONAL AIRPORT,8/25/2023,0,0,91,70
MINNEAPOLIS ST. PAUL INTERNATIONAL AIRPORT,8/26/2023,0,0,75,62
MINNEAPOLIS ST. PAUL INTERNATIONAL AIRPORT,8/27/2023,0,0,79,56
MINNEAPOLIS ST. PAUL INTERNATIONAL AIRPORT,8/28/2023,0,0,88,64
MINNEAPOLIS ST. PAUL INTERNATIONAL AIRPORT,8/29/2023,0,0,85,64
MINNEAPOLIS ST. PAUL INTERNATIONAL AIRPORT,8/30/2023,0,0,80,61
MINNEAPOLIS ST. PAUL INTERNATIONAL AIRPORT,8/31/2023,0,0,83,60
MINNEAPOLIS ST. PAUL INTERNATIONAL AIRPORT,9/1/2023,0,0,90,61
MINNEAPOLIS ST. PAUL INTERNATIONAL AIRPORT,9/2/2023,0,0,91,72
MINNEAPOLIS ST. PAUL INTERNATIONAL AIRPORT,9/3/2023,0,0,97,75
MINNEAPOLIS ST. PAUL INTERNATIONAL AIRPORT,9/4/2023,0,0,98,74
MINNEAPOLIS ST. PAUL INTERNATIONAL AIRPORT,9/5/2023,0.01,0,92,72
MINNEAPOLIS ST. PAUL INTERNATIONAL AIRPORT,9/6/2023,0,0,72,59
MINNEAPOLIS ST. PAUL INTERNATIONAL AIRPORT,9/7/2023,0,0,64,56
MINNEAPOLIS ST. PAUL INTERNATIONAL AIRPORT,9/8/2023,0,0,78,52
MINNEAPOLIS ST. PAUL INTERNATIONAL AIRPORT,9/9/2023,0.05,0,78,60
MINNEAPOLIS ST. PAUL INTERNATIONAL AIRPORT,9/10/2023,0,0,73,58
MINNEAPOLIS ST. PAUL INTERNATIONAL AIRPORT,9/11/2023,0.22,0,75,53
MINNEAPOLIS ST. PAUL INTERNATIONAL AIRPORT,9/12/2023,0,0,68,51
MINNEAPOLIS ST. PAUL INTERNATIONAL AIRPORT,9/13/2023,0,0,66,47
MINNEAPOLIS ST. PAUL INTERNATIONAL AIRPORT,9/14/2023,0,0,83,51
MINNEAPOLIS ST. PAUL INTERNATIONAL AIRPORT,9/15/2023,0.36,0,71,59
MINNEAPOLIS ST. PAUL INTERNATIONAL AIRPORT,9/16/2023,0,0,74,53
MINNEAPOLIS ST. PAUL INTERNATIONAL AIRPORT,9/17/2023,0,0,73,52
MINNEAPOLIS ST. PAUL INTERNATIONAL AIRPORT,9/18/2023,0,0,77,54
MINNEAPOLIS ST. PAUL INTERNATIONAL AIRPORT,9/19/2023,0,0,82,61
MINNEAPOLIS ST. PAUL INTERNATIONAL AIRPORT,9/20/2023,0,0,87,60
MINNEAPOLIS ST. PAUL INTERNATIONAL AIRPORT,9/21/2023,0,0,85,63
MINNEAPOLIS ST. PAUL INTERNATIONAL AIRPORT,9/22/2023,0,0,76,65
MINNEAPOLIS ST. PAUL INTERNATIONAL AIRPORT,9/23/2023,1.28,0,75,64
MINNEAPOLIS ST. PAUL INTERNATIONAL AIRPORT,9/24/2023,0.22,0,73,62
MINNEAPOLIS ST. PAUL INTERNATIONAL AIRPORT,9/25/2023,1.9,0,65,60
MINNEAPOLIS ST. PAUL INTERNATIONAL AIRPORT,9/26/2023,0.01,0,67,61
MINNEAPOLIS ST. PAUL INTERNATIONAL AIRPORT,9/27/2023,0.01,0,74,61
MINNEAPOLIS ST. PAUL INTERNATIONAL AIRPORT,9/28/2023,0,0,73,62
MINNEAPOLIS ST. PAUL INTERNATIONAL AIRPORT,9/29/2023,1.51,0,75,60
MINNEAPOLIS ST. PAUL INTERNATIONAL AIRPORT,9/30/2023,0.15,0,88,67
MINNEAPOLIS ST. PAUL INTERNATIONAL AIRPORT,10/1/2023,0,0,92,69
MINNEAPOLIS ST. PAUL INTERNATIONAL AIRPORT,10/2/2023,0,0,89,67
MINNEAPOLIS ST. PAUL INTERNATIONAL AIRPORT,10/3/2023,0.13,0,87,66
MINNEAPOLIS ST. PAUL INTERNATIONAL AIRPORT,10/4/2023,0,0,66,56
MINNEAPOLIS ST. PAUL INTERNATIONAL AIRPORT,10/5/2023,0.02,0,65,52
MINNEAPOLIS ST. PAUL INTERNATIONAL AIRPORT,10/6/2023,0.07,0,57,44
MINNEAPOLIS ST. PAUL INTERNATIONAL AIRPORT,10/7/2023,0,0,54,43
MINNEAPOLIS ST. PAUL INTERNATIONAL AIRPORT,10/8/2023,0,0,60,46
MINNEAPOLIS ST. PAUL INTERNATIONAL AIRPORT,10/9/2023,0,0,56,38
MINNEAPOLIS ST. PAUL INTERNATIONAL AIRPORT,10/10/2023,0,0,58,38
MINNEAPOLIS ST. PAUL INTERNATIONAL AIRPORT,10/11/2023,0,0,62,38
MINNEAPOLIS ST. PAUL INTERNATIONAL AIRPORT,10/12/2023,0.33,0,55,44
MINNEAPOLIS ST. PAUL INTERNATIONAL AIRPORT,10/13/2023,1.61,0,50,46
MINNEAPOLIS ST. PAUL INTERNATIONAL AIRPORT,10/14/2023,0,0,56,46
MINNEAPOLIS ST. PAUL INTERNATIONAL AIRPORT,10/15/2023,0,0,57,42
MINNEAPOLIS ST. PAUL INTERNATIONAL AIRPORT,10/16/2023,0,0,61,38
MINNEAPOLIS ST. PAUL INTERNATIONAL AIRPORT,10/17/2023,0,0,64,41
MINNEAPOLIS ST. PAUL INTERNATIONAL AIRPORT,10/18/2023,0,0,59,51
MINNEAPOLIS ST. PAUL INTERNATIONAL AIRPORT,10/19/2023,0.05,0,61,47
MINNEAPOLIS ST. PAUL INTERNATIONAL AIRPORT,10/20/2023,0,0,69,42
MINNEAPOLIS ST. PAUL INTERNATIONAL AIRPORT,10/21/2023,0,0,60,45
MINNEAPOLIS ST. PAUL INTERNATIONAL AIRPORT,10/22/2023,0,0,60,40
MINNEAPOLIS ST. PAUL INTERNATIONAL AIRPORT,10/23/2023,0.01,0,64,49
MINNEAPOLIS ST. PAUL INTERNATIONAL AIRPORT,10/24/2023,1.34,0,56,52
MINNEAPOLIS ST. PAUL INTERNATIONAL AIRPORT,10/25/2023,0.02,0,56,51
MINNEAPOLIS ST. PAUL INTERNATIONAL AIRPORT,10/26/2023,0.74,0,60,53
MINNEAPOLIS ST. PAUL INTERNATIONAL AIRPORT,10/27/2023,0,0,53,32
MINNEAPOLIS ST. PAUL INTERNATIONAL AIRPORT,10/28/2023,0,0,34,29
MINNEAPOLIS ST. PAUL INTERNATIONAL AIRPORT,10/29/2023,0,0,39,27
MINNEAPOLIS ST. PAUL INTERNATIONAL AIRPORT,10/30/2023,0.09,0.9,39,24
MINNEAPOLIS ST. PAUL INTERNATIONAL AIRPORT,10/31/2023,0.09,1.8,37,26
MINNEAPOLIS ST. PAUL INTERNATIONAL AIRPORT,11/1/2023,0,0,38,23
MINNEAPOLIS ST. PAUL INTERNATIONAL AIRPORT,11/2/2023,0,0,43,27
MINNEAPOLIS ST. PAUL INTERNATIONAL AIRPORT,11/3/2023,0,0,53,32
MINNEAPOLIS ST. PAUL INTERNATIONAL AIRPORT,11/4/2023,0,0,51,28
MINNEAPOLIS ST. PAUL INTERNATIONAL AIRPORT,11/5/2023,0,0,58,37
MINNEAPOLIS ST. PAUL INTERNATIONAL AIRPORT,11/6/2023,0.01,0,58,40
MINNEAPOLIS ST. PAUL INTERNATIONAL AIRPORT,11/7/2023,0.01,0,46,39
MINNEAPOLIS ST. PAUL INTERNATIONAL AIRPORT,11/8/2023,0,0,51,40
MINNEAPOLIS ST. PAUL INTERNATIONAL AIRPORT,11/9/2023,0,0,49,33
MINNEAPOLIS ST. PAUL INTERNATIONAL AIRPORT,11/10/2023,0,0,40,36
MINNEAPOLIS ST. PAUL INTERNATIONAL AIRPORT,11/11/2023,0,0,48,32
MINNEAPOLIS ST. PAUL INTERNATIONAL AIRPORT,11/12/2023,0,0,59,37
MINNEAPOLIS ST. PAUL INTERNATIONAL AIRPORT,11/13/2023,0,0,57,37
MINNEAPOLIS ST. PAUL INTERNATIONAL AIRPORT,11/14/2023,0,0,66,43
MINNEAPOLIS ST. PAUL INTERNATIONAL AIRPORT,11/15/2023,0,0,61,39
MINNEAPOLIS ST. PAUL INTERNATIONAL AIRPORT,11/16/2023,0,0,69,36
MINNEAPOLIS ST. PAUL INTERNATIONAL AIRPORT,11/17/2023,0,0,46,28
MINNEAPOLIS ST. PAUL INTERNATIONAL AIRPORT,11/18/2023,0,0,57,32
MINNEAPOLIS ST. PAUL INTERNATIONAL AIRPORT,11/19/2023,0,0,55,32
MINNEAPOLIS ST. PAUL INTERNATIONAL AIRPORT,11/20/2023,0,0,46,40
MINNEAPOLIS ST. PAUL INTERNATIONAL AIRPORT,11/21/2023,0,0,43,29
MINNEAPOLIS ST. PAUL INTERNATIONAL AIRPORT,11/22/2023,0,0,47,26
MINNEAPOLIS ST. PAUL INTERNATIONAL AIRPORT,11/23/2023,0,0,37,20
MINNEAPOLIS ST. PAUL INTERNATIONAL AIRPORT,11/24/2023,0,0,29,13
MINNEAPOLIS ST. PAUL INTERNATIONAL AIRPORT,11/25/2023,0.01,0.4,32,23
MINNEAPOLIS ST. PAUL INTERNATIONAL AIRPORT,11/26/2023,0.01,0.1,34,21
MINNEAPOLIS ST. PAUL INTERNATIONAL AIRPORT,11/27/2023,0,0,21,12
MINNEAPOLIS ST. PAUL INTERNATIONAL AIRPORT,11/28/2023,0,0,32,8
MINNEAPOLIS ST. PAUL INTERNATIONAL AIRPORT,11/29/2023,0,0,48,26
MINNEAPOLIS ST. PAUL INTERNATIONAL AIRPORT,11/30/2023,0,0,42,24
MINNEAPOLIS ST. PAUL INTERNATIONAL AIRPORT,12/1/2023,0,0,37,19
MINNEAPOLIS ST. PAUL INTERNATIONAL AIRPORT,12/2/2023,0,0,40,21
MINNEAPOLIS ST. PAUL INTERNATIONAL AIRPORT,12/3/2023,0,0,37,31
MINNEAPOLIS ST. PAUL INTERNATIONAL AIRPORT,12/4/2023,0.03,0.6,37,26
MINNEAPOLIS ST. PAUL INTERNATIONAL AIRPORT,12/5/2023,0.03,0.3,34,24
MINNEAPOLIS ST. PAUL INTERNATIONAL AIRPORT,12/6/2023,0,0,47,22
MINNEAPOLIS ST. PAUL INTERNATIONAL AIRPORT,12/7/2023,0,0,51,30
MINNEAPOLIS ST. PAUL INTERNATIONAL AIRPORT,12/8/2023,0,0,49,38
MINNEAPOLIS ST. PAUL INTERNATIONAL AIRPORT,12/9/2023,0.07,0.4,40,25
MINNEAPOLIS ST. PAUL INTERNATIONAL AIRPORT,12/10/2023,0.01,0,25,23
MINNEAPOLIS ST. PAUL INTERNATIONAL AIRPORT,12/11/2023,0,0,35,22
MINNEAPOLIS ST. PAUL INTERNATIONAL AIRPORT,12/12/2023,0,0,30,21
MINNEAPOLIS ST. PAUL INTERNATIONAL AIRPORT,12/13/2023,0,0,43,25
MINNEAPOLIS ST. PAUL INTERNATIONAL AIRPORT,12/14/2023,0,0,52,32
MINNEAPOLIS ST. PAUL INTERNATIONAL AIRPORT,12/15/2023,0.15,0,43,37
MINNEAPOLIS ST. PAUL INTERNATIONAL AIRPORT,12/16/2023,0.34,0,41,35
MINNEAPOLIS ST. PAUL INTERNATIONAL AIRPORT,12/17/2023,0,0,38,28
MINNEAPOLIS ST. PAUL INTERNATIONAL AIRPORT,12/18/2023,0,0,28,16
MINNEAPOLIS ST. PAUL INTERNATIONAL AIRPORT,12/19/2023,0,0,38,17
MINNEAPOLIS ST. PAUL INTERNATIONAL AIRPORT,12/20/2023,0,0,42,28
MINNEAPOLIS ST. PAUL INTERNATIONAL AIRPORT,12/21/2023,0,0,39,31
MINNEAPOLIS ST. PAUL INTERNATIONAL AIRPORT,12/22/2023,0.01,0,43,36
MINNEAPOLIS ST. PAUL INTERNATIONAL AIRPORT,12/23/2023,0,0,48,40
MINNEAPOLIS ST. PAUL INTERNATIONAL AIRPORT,12/24/2023,0.35,0,55,45
MINNEAPOLIS ST. PAUL INTERNATIONAL AIRPORT,12/25/2023,1.01,0,54,42
MINNEAPOLIS ST. PAUL INTERNATIONAL AIRPORT,12/26/2023,0.23,0,50,34
MINNEAPOLIS ST. PAUL INTERNATIONAL AIRPORT,12/27/2023,0,0,38,28
MINNEAPOLIS ST. PAUL INTERNATIONAL AIRPORT,12/28/2023,0,0,36,25
MINNEAPOLIS ST. PAUL INTERNATIONAL AIRPORT,12/29/2023,0,0,42,25
MINNEAPOLIS ST. PAUL INTERNATIONAL AIRPORT,12/30/2023,0.03,0.3,31,26
MINNEAPOLIS ST. PAUL INTERNATIONAL AIRPORT,12/31/2023,0.02,0.5,30,24
